published_at,text
2015-01-01,Strong earnings and positive outlook
2015-01-08,Concerns over economic slowdown
2015-01-15,Strong earnings and positive outlook
2015-01-22,Concerns over economic slowdown
2015-01-29,Strong earnings and positive outlook
2015-02-05,Concerns over economic slowdown
2015-02-12,Strong earnings and positive outlook
2015-02-19,Concerns over economic slowdown
2015-02-26,Strong earnings and positive outlook
2015-03-05,Concerns over economic slowdown
2015-03-12,Strong earnings and positive outlook
2015-03-19,Concerns over economic slowdown
2015-03-26,Strong earnings and positive outlook
2015-04-02,Concerns over economic slowdown
2015-04-09,Strong earnings and positive outlook
2015-04-16,Concerns over economic slowdown
2015-04-23,Strong earnings and positive outlook
2015-04-30,Concerns over economic slowdown
2015-05-07,Strong earnings and positive outlook
2015-05-14,Concerns over economic slowdown
2015-05-21,Strong earnings and positive outlook
2015-05-28,Concerns over economic slowdown
2015-06-04,Strong earnings and positive outlook
2015-06-11,Concerns over economic slowdown
2015-06-18,Strong earnings and positive outlook
2015-06-25,Concerns over economic slowdown
2015-07-02,Strong earnings and positive outlook
2015-07-09,Concerns over economic slowdown
2015-07-16,Strong earnings and positive outlook
2015-07-23,Concerns over economic slowdown
2015-07-30,Strong earnings and positive outlook
2015-08-06,Concerns over economic slowdown
2015-08-13,Strong earnings and positive outlook
2015-08-20,Concerns over economic slowdown
2015-08-27,Strong earnings and positive outlook
2015-09-03,Concerns over economic slowdown
2015-09-10,Strong earnings and positive outlook
2015-09-17,Concerns over economic slowdown
2015-09-24,Strong earnings and positive outlook
2015-10-01,Concerns over economic slowdown
2015-10-08,Strong earnings and positive outlook
2015-10-15,Concerns over economic slowdown
2015-10-22,Strong earnings and positive outlook
2015-10-29,Concerns over economic slowdown
2015-11-05,Strong earnings and positive outlook
2015-11-12,Concerns over economic slowdown
2015-11-19,Strong earnings and positive outlook
2015-11-26,Concerns over economic slowdown
2015-12-03,Strong earnings and positive outlook
2015-12-10,Concerns over economic slowdown
2015-12-17,Strong earnings and positive outlook
2015-12-24,Concerns over economic slowdown
2015-12-31,Strong earnings and positive outlook
2016-01-07,Concerns over economic slowdown
2016-01-14,Strong earnings and positive outlook
2016-01-21,Concerns over economic slowdown
2016-01-28,Strong earnings and positive outlook
2016-02-04,Concerns over economic slowdown
2016-02-11,Strong earnings and positive outlook
2016-02-18,Concerns over economic slowdown
2016-02-25,Strong earnings and positive outlook
2016-03-03,Concerns over economic slowdown
2016-03-10,Strong earnings and positive outlook
2016-03-17,Concerns over economic slowdown
2016-03-24,Strong earnings and positive outlook
2016-03-31,Concerns over economic slowdown
2016-04-07,Strong earnings and positive outlook
2016-04-14,Concerns over economic slowdown
2016-04-21,Strong earnings and positive outlook
2016-04-28,Concerns over economic slowdown
2016-05-05,Strong earnings and positive outlook
2016-05-12,Concerns over economic slowdown
2016-05-19,Strong earnings and positive outlook
2016-05-26,Concerns over economic slowdown
2016-06-02,Strong earnings and positive outlook
2016-06-09,Concerns over economic slowdown
2016-06-16,Strong earnings and positive outlook
2016-06-23,Concerns over economic slowdown
2016-06-30,Strong earnings and positive outlook
2016-07-07,Concerns over economic slowdown
2016-07-14,Strong earnings and positive outlook
2016-07-21,Concerns over economic slowdown
2016-07-28,Strong earnings and positive outlook
2016-08-04,Concerns over economic slowdown
2016-08-11,Strong earnings and positive outlook
2016-08-18,Concerns over economic slowdown
2016-08-25,Strong earnings and positive outlook
2016-09-01,Concerns over economic slowdown
2016-09-08,Strong earnings and positive outlook
2016-09-15,Concerns over economic slowdown
2016-09-22,Strong earnings and positive outlook
2016-09-29,Concerns over economic slowdown
2016-10-06,Strong earnings and positive outlook
2016-10-13,Concerns over economic slowdown
2016-10-20,Strong earnings and positive outlook
2016-10-27,Concerns over economic slowdown
2016-11-03,Strong earnings and positive outlook
2016-11-10,Concerns over economic slowdown
2016-11-17,Strong earnings and positive outlook
2016-11-24,Concerns over economic slowdown
2016-12-01,Strong earnings and positive outlook
2016-12-08,Concerns over economic slowdown
2016-12-15,Strong earnings and positive outlook
2016-12-22,Concerns over economic slowdown
2016-12-29,Strong earnings and positive outlook
2017-01-05,Concerns over economic slowdown
2017-01-12,Strong earnings and positive outlook
2017-01-19,Concerns over economic slowdown
2017-01-26,Strong earnings and positive outlook
2017-02-02,Concerns over economic slowdown
2017-02-09,Strong earnings and positive outlook
2017-02-16,Concerns over economic slowdown
2017-02-23,Strong earnings and positive outlook
2017-03-02,Concerns over economic slowdown
2017-03-09,Strong earnings and positive outlook
2017-03-16,Concerns over economic slowdown
2017-03-23,Strong earnings and positive outlook
2017-03-30,Concerns over economic slowdown
2017-04-06,Strong earnings and positive outlook
2017-04-13,Concerns over economic slowdown
2017-04-20,Strong earnings and positive outlook
2017-04-27,Concerns over economic slowdown
2017-05-04,Strong earnings and positive outlook
2017-05-11,Concerns over economic slowdown
2017-05-18,Strong earnings and positive outlook
2017-05-25,Concerns over economic slowdown
2017-06-01,Strong earnings and positive outlook
2017-06-08,Concerns over economic slowdown
2017-06-15,Strong earnings and positive outlook
2017-06-22,Concerns over economic slowdown
2017-06-29,Strong earnings and positive outlook
2017-07-06,Concerns over economic slowdown
2017-07-13,Strong earnings and positive outlook
2017-07-20,Concerns over economic slowdown
2017-07-27,Strong earnings and positive outlook
2017-08-03,Concerns over economic slowdown
2017-08-10,Strong earnings and positive outlook
2017-08-17,Concerns over economic slowdown
2017-08-24,Strong earnings and positive outlook
2017-08-31,Concerns over economic slowdown
2017-09-07,Strong earnings and positive outlook
2017-09-14,Concerns over economic slowdown
2017-09-21,Strong earnings and positive outlook
2017-09-28,Concerns over economic slowdown
2017-10-05,Strong earnings and positive outlook
2017-10-12,Concerns over economic slowdown
2017-10-19,Strong earnings and positive outlook
2017-10-26,Concerns over economic slowdown
2017-11-02,Strong earnings and positive outlook
2017-11-09,Concerns over economic slowdown
2017-11-16,Strong earnings and positive outlook
2017-11-23,Concerns over economic slowdown
2017-11-30,Strong earnings and positive outlook
2017-12-07,Concerns over economic slowdown
2017-12-14,Strong earnings and positive outlook
2017-12-21,Concerns over economic slowdown
2017-12-28,Strong earnings and positive outlook
2018-01-04,Concerns over economic slowdown
2018-01-11,Strong earnings and positive outlook
2018-01-18,Concerns over economic slowdown
2018-01-25,Strong earnings and positive outlook
2018-02-01,Concerns over economic slowdown
2018-02-08,Strong earnings and positive outlook
2018-02-15,Concerns over economic slowdown
2018-02-22,Strong earnings and positive outlook
2018-03-01,Concerns over economic slowdown
2018-03-08,Strong earnings and positive outlook
2018-03-15,Concerns over economic slowdown
2018-03-22,Strong earnings and positive outlook
2018-03-29,Concerns over economic slowdown
2018-04-05,Strong earnings and positive outlook
2018-04-12,Concerns over economic slowdown
2018-04-19,Strong earnings and positive outlook
2018-04-26,Concerns over economic slowdown
2018-05-03,Strong earnings and positive outlook
2018-05-10,Concerns over economic slowdown
2018-05-17,Strong earnings and positive outlook
2018-05-24,Concerns over economic slowdown
2018-05-31,Strong earnings and positive outlook
2018-06-07,Concerns over economic slowdown
2018-06-14,Strong earnings and positive outlook
2018-06-21,Concerns over economic slowdown
2018-06-28,Strong earnings and positive outlook
2018-07-05,Concerns over economic slowdown
2018-07-12,Strong earnings and positive outlook
2018-07-19,Concerns over economic slowdown
2018-07-26,Strong earnings and positive outlook
2018-08-02,Concerns over economic slowdown
2018-08-09,Strong earnings and positive outlook
2018-08-16,Concerns over economic slowdown
2018-08-23,Strong earnings and positive outlook
2018-08-30,Concerns over economic slowdown
2018-09-06,Strong earnings and positive outlook
2018-09-13,Concerns over economic slowdown
2018-09-20,Strong earnings and positive outlook
2018-09-27,Concerns over economic slowdown
2018-10-04,Strong earnings and positive outlook
2018-10-11,Concerns over economic slowdown
2018-10-18,Strong earnings and positive outlook
2018-10-25,Concerns over economic slowdown
2018-11-01,Strong earnings and positive outlook
2018-11-08,Concerns over economic slowdown
2018-11-15,Strong earnings and positive outlook
2018-11-22,Concerns over economic slowdown
2018-11-29,Strong earnings and positive outlook
2018-12-06,Concerns over economic slowdown
2018-12-13,Strong earnings and positive outlook
2018-12-20,Concerns over economic slowdown
2018-12-27,Strong earnings and positive outlook
2019-01-03,Concerns over economic slowdown
2019-01-10,Strong earnings and positive outlook
2019-01-17,Concerns over economic slowdown
2019-01-24,Strong earnings and positive outlook
2019-01-31,Concerns over economic slowdown
2019-02-07,Strong earnings and positive outlook
2019-02-14,Concerns over economic slowdown
2019-02-21,Strong earnings and positive outlook
2019-02-28,Concerns over economic slowdown
2019-03-07,Strong earnings and positive outlook
2019-03-14,Concerns over economic slowdown
2019-03-21,Strong earnings and positive outlook
2019-03-28,Concerns over economic slowdown
2019-04-04,Strong earnings and positive outlook
2019-04-11,Concerns over economic slowdown
2019-04-18,Strong earnings and positive outlook
2019-04-25,Concerns over economic slowdown
2019-05-02,Strong earnings and positive outlook
2019-05-09,Concerns over economic slowdown
2019-05-16,Strong earnings and positive outlook
2019-05-23,Concerns over economic slowdown
2019-05-30,Strong earnings and positive outlook
2019-06-06,Concerns over economic slowdown
2019-06-13,Strong earnings and positive outlook
2019-06-20,Concerns over economic slowdown
2019-06-27,Strong earnings and positive outlook
2019-07-04,Concerns over economic slowdown
2019-07-11,Strong earnings and positive outlook
2019-07-18,Concerns over economic slowdown
2019-07-25,Strong earnings and positive outlook
2019-08-01,Concerns over economic slowdown
2019-08-08,Strong earnings and positive outlook
2019-08-15,Concerns over economic slowdown
2019-08-22,Strong earnings and positive outlook
2019-08-29,Concerns over economic slowdown
2019-09-05,Strong earnings and positive outlook
2019-09-12,Concerns over economic slowdown
2019-09-19,Strong earnings and positive outlook
2019-09-26,Concerns over economic slowdown
2019-10-03,Strong earnings and positive outlook
2019-10-10,Concerns over economic slowdown
2019-10-17,Strong earnings and positive outlook
2019-10-24,Concerns over economic slowdown
2019-10-31,Strong earnings and positive outlook
2019-11-07,Concerns over economic slowdown
2019-11-14,Strong earnings and positive outlook
2019-11-21,Concerns over economic slowdown
2019-11-28,Strong earnings and positive outlook
2019-12-05,Concerns over economic slowdown
2019-12-12,Strong earnings and positive outlook
2019-12-19,Concerns over economic slowdown
2019-12-26,Strong earnings and positive outlook
2020-01-02,Concerns over economic slowdown
2020-01-09,Strong earnings and positive outlook
2020-01-16,Concerns over economic slowdown
2020-01-23,Strong earnings and positive outlook
2020-01-30,Concerns over economic slowdown
2020-02-06,Strong earnings and positive outlook
2020-02-13,Concerns over economic slowdown
2020-02-20,Strong earnings and positive outlook
2020-02-27,Concerns over economic slowdown
2020-03-05,Strong earnings and positive outlook
2020-03-12,Concerns over economic slowdown
2020-03-19,Strong earnings and positive outlook
2020-03-26,Concerns over economic slowdown
2020-04-02,Strong earnings and positive outlook
2020-04-09,Concerns over economic slowdown
2020-04-16,Strong earnings and positive outlook
2020-04-23,Concerns over economic slowdown
2020-04-30,Strong earnings and positive outlook
2020-05-07,Concerns over economic slowdown
2020-05-14,Strong earnings and positive outlook
2020-05-21,Concerns over economic slowdown
2020-05-28,Strong earnings and positive outlook
2020-06-04,Concerns over economic slowdown
2020-06-11,Strong earnings and positive outlook
2020-06-18,Concerns over economic slowdown
2020-06-25,Strong earnings and positive outlook
2020-07-02,Concerns over economic slowdown
2020-07-09,Strong earnings and positive outlook
2020-07-16,Concerns over economic slowdown
2020-07-23,Strong earnings and positive outlook
2020-07-30,Concerns over economic slowdown
2020-08-06,Strong earnings and positive outlook
2020-08-13,Concerns over economic slowdown
2020-08-20,Strong earnings and positive outlook
2020-08-27,Concerns over economic slowdown
2020-09-03,Strong earnings and positive outlook
2020-09-10,Concerns over economic slowdown
2020-09-17,Strong earnings and positive outlook
2020-09-24,Concerns over economic slowdown
2020-10-01,Strong earnings and positive outlook
2020-10-08,Concerns over economic slowdown
2020-10-15,Strong earnings and positive outlook
2020-10-22,Concerns over economic slowdown
2020-10-29,Strong earnings and positive outlook
2020-11-05,Concerns over economic slowdown
2020-11-12,Strong earnings and positive outlook
2020-11-19,Concerns over economic slowdown
2020-11-26,Strong earnings and positive outlook
2020-12-03,Concerns over economic slowdown
2020-12-10,Strong earnings and positive outlook
2020-12-17,Concerns over economic slowdown
2020-12-24,Strong earnings and positive outlook
2020-12-31,Concerns over economic slowdown
2021-01-07,Strong earnings and positive outlook
2021-01-14,Concerns over economic slowdown
2021-01-21,Strong earnings and positive outlook
2021-01-28,Concerns over economic slowdown
2021-02-04,Strong earnings and positive outlook
2021-02-11,Concerns over economic slowdown
2021-02-18,Strong earnings and positive outlook
2021-02-25,Concerns over economic slowdown
2021-03-04,Strong earnings and positive outlook
2021-03-11,Concerns over economic slowdown
2021-03-18,Strong earnings and positive outlook
2021-03-25,Concerns over economic slowdown
2021-04-01,Strong earnings and positive outlook
2021-04-08,Concerns over economic slowdown
2021-04-15,Strong earnings and positive outlook
2021-04-22,Concerns over economic slowdown
2021-04-29,Strong earnings and positive outlook
2021-05-06,Concerns over economic slowdown
2021-05-13,Strong earnings and positive outlook
2021-05-20,Concerns over economic slowdown
2021-05-27,Strong earnings and positive outlook
2021-06-03,Concerns over economic slowdown
2021-06-10,Strong earnings and positive outlook
2021-06-17,Concerns over economic slowdown
2021-06-24,Strong earnings and positive outlook
2021-07-01,Concerns over economic slowdown
2021-07-08,Strong earnings and positive outlook
2021-07-15,Concerns over economic slowdown
2021-07-22,Strong earnings and positive outlook
2021-07-29,Concerns over economic slowdown
2021-08-05,Strong earnings and positive outlook
2021-08-12,Concerns over economic slowdown
2021-08-19,Strong earnings and positive outlook
2021-08-26,Concerns over economic slowdown
2021-09-02,Strong earnings and positive outlook
2021-09-09,Concerns over economic slowdown
2021-09-16,Strong earnings and positive outlook
2021-09-23,Concerns over economic slowdown
2021-09-30,Strong earnings and positive outlook
2021-10-07,Concerns over economic slowdown
2021-10-14,Strong earnings and positive outlook
2021-10-21,Concerns over economic slowdown
2021-10-28,Strong earnings and positive outlook
2021-11-04,Concerns over economic slowdown
2021-11-11,Strong earnings and positive outlook
2021-11-18,Concerns over economic slowdown
2021-11-25,Strong earnings and positive outlook
2021-12-02,Concerns over economic slowdown
2021-12-09,Strong earnings and positive outlook
2021-12-16,Concerns over economic slowdown
2021-12-23,Strong earnings and positive outlook
2021-12-30,Concerns over economic slowdown
2022-01-06,Strong earnings and positive outlook
2022-01-13,Concerns over economic slowdown
2022-01-20,Strong earnings and positive outlook
2022-01-27,Concerns over economic slowdown
2022-02-03,Strong earnings and positive outlook
2022-02-10,Concerns over economic slowdown
2022-02-17,Strong earnings and positive outlook
2022-02-24,Concerns over economic slowdown
2022-03-03,Strong earnings and positive outlook
2022-03-10,Concerns over economic slowdown
2022-03-17,Strong earnings and positive outlook
2022-03-24,Concerns over economic slowdown
2022-03-31,Strong earnings and positive outlook
2022-04-07,Concerns over economic slowdown
2022-04-14,Strong earnings and positive outlook
2022-04-21,Concerns over economic slowdown
2022-04-28,Strong earnings and positive outlook
2022-05-05,Concerns over economic slowdown
2022-05-12,Strong earnings and positive outlook
2022-05-19,Concerns over economic slowdown
2022-05-26,Strong earnings and positive outlook
2022-06-02,Concerns over economic slowdown
2022-06-09,Strong earnings and positive outlook
2022-06-16,Concerns over economic slowdown
2022-06-23,Strong earnings and positive outlook
2022-06-30,Concerns over economic slowdown
2022-07-07,Strong earnings and positive outlook
2022-07-14,Concerns over economic slowdown
2022-07-21,Strong earnings and positive outlook
2022-07-28,Concerns over economic slowdown
2022-08-04,Strong earnings and positive outlook
2022-08-11,Concerns over economic slowdown
2022-08-18,Strong earnings and positive outlook
2022-08-25,Concerns over economic slowdown
2022-09-01,Strong earnings and positive outlook
2022-09-08,Concerns over economic slowdown
2022-09-15,Strong earnings and positive outlook
2022-09-22,Concerns over economic slowdown
2022-09-29,Strong earnings and positive outlook
2022-10-06,Concerns over economic slowdown
2022-10-13,Strong earnings and positive outlook
2022-10-20,Concerns over economic slowdown
2022-10-27,Strong earnings and positive outlook
2022-11-03,Concerns over economic slowdown
2022-11-10,Strong earnings and positive outlook
2022-11-17,Concerns over economic slowdown
2022-11-24,Strong earnings and positive outlook
2022-12-01,Concerns over economic slowdown
2022-12-08,Strong earnings and positive outlook
2022-12-15,Concerns over economic slowdown
2022-12-22,Strong earnings and positive outlook
2022-12-29,Concerns over economic slowdown
2023-01-05,Strong earnings and positive outlook
2023-01-12,Concerns over economic slowdown
2023-01-19,Strong earnings and positive outlook
2023-01-26,Concerns over economic slowdown
2023-02-02,Strong earnings and positive outlook
2023-02-09,Concerns over economic slowdown
2023-02-16,Strong earnings and positive outlook
2023-02-23,Concerns over economic slowdown
2023-03-02,Strong earnings and positive outlook
2023-03-09,Concerns over economic slowdown
2023-03-16,Strong earnings and positive outlook
2023-03-23,Concerns over economic slowdown
2023-03-30,Strong earnings and positive outlook
2023-04-06,Concerns over economic slowdown
2023-04-13,Strong earnings and positive outlook
2023-04-20,Concerns over economic slowdown
2023-04-27,Strong earnings and positive outlook
2023-05-04,Concerns over economic slowdown
2023-05-11,Strong earnings and positive outlook
2023-05-18,Concerns over economic slowdown
2023-05-25,Strong earnings and positive outlook
2023-06-01,Concerns over economic slowdown
2023-06-08,Strong earnings and positive outlook
2023-06-15,Concerns over economic slowdown
2023-06-22,Strong earnings and positive outlook
2023-06-29,Concerns over economic slowdown
2023-07-06,Strong earnings and positive outlook
2023-07-13,Concerns over economic slowdown
2023-07-20,Strong earnings and positive outlook
2023-07-27,Concerns over economic slowdown
2023-08-03,Strong earnings and positive outlook
2023-08-10,Concerns over economic slowdown
2023-08-17,Strong earnings and positive outlook
2023-08-24,Concerns over economic slowdown
2023-08-31,Strong earnings and positive outlook
2023-09-07,Concerns over economic slowdown
2023-09-14,Strong earnings and positive outlook
2023-09-21,Concerns over economic slowdown
2023-09-28,Strong earnings and positive outlook
2023-10-05,Concerns over economic slowdown
2023-10-12,Strong earnings and positive outlook
2023-10-19,Concerns over economic slowdown
2023-10-26,Strong earnings and positive outlook
2023-11-02,Concerns over economic slowdown
2023-11-09,Strong earnings and positive outlook
2023-11-16,Concerns over economic slowdown
2023-11-23,Strong earnings and positive outlook
2023-11-30,Concerns over economic slowdown
2023-12-07,Strong earnings and positive outlook
2023-12-14,Concerns over economic slowdown
2023-12-21,Strong earnings and positive outlook
2023-12-28,Concerns over economic slowdown
2024-01-04,Strong earnings and positive outlook
2024-01-11,Concerns over economic slowdown
2024-01-18,Strong earnings and positive outlook
2024-01-25,Concerns over economic slowdown
2024-02-01,Strong earnings and positive outlook
2024-02-08,Concerns over economic slowdown
2024-02-15,Strong earnings and positive outlook
2024-02-22,Concerns over economic slowdown
2024-02-29,Strong earnings and positive outlook
2024-03-07,Concerns over economic slowdown
2024-03-14,Strong earnings and positive outlook
2024-03-21,Concerns over economic slowdown
2024-03-28,Strong earnings and positive outlook
2024-04-04,Concerns over economic slowdown
2024-04-11,Strong earnings and positive outlook
2024-04-18,Concerns over economic slowdown
2024-04-25,Strong earnings and positive outlook
2024-05-02,Concerns over economic slowdown
2024-05-09,Strong earnings and positive outlook
2024-05-16,Concerns over economic slowdown
2024-05-23,Strong earnings and positive outlook
2024-05-30,Concerns over economic slowdown
2024-06-06,Strong earnings and positive outlook
2024-06-13,Concerns over economic slowdown
2024-06-20,Strong earnings and positive outlook
2024-06-27,Concerns over economic slowdown
2024-07-04,Strong earnings and positive outlook
2024-07-11,Concerns over economic slowdown
2024-07-18,Strong earnings and positive outlook
2024-07-25,Concerns over economic slowdown
2024-08-01,Strong earnings and positive outlook
2024-08-08,Concerns over economic slowdown
2024-08-15,Strong earnings and positive outlook
2024-08-22,Concerns over economic slowdown
2024-08-29,Strong earnings and positive outlook
2024-09-05,Concerns over economic slowdown
2024-09-12,Strong earnings and positive outlook
2024-09-19,Concerns over economic slowdown
2024-09-26,Strong earnings and positive outlook
2024-10-03,Concerns over economic slowdown
2024-10-10,Strong earnings and positive outlook
2024-10-17,Concerns over economic slowdown
2024-10-24,Strong earnings and positive outlook
2024-10-31,Concerns over economic slowdown
2024-11-07,Strong earnings and positive outlook
2024-11-14,Concerns over economic slowdown
2024-11-21,Strong earnings and positive outlook
2024-11-28,Concerns over economic slowdown
2024-12-05,Strong earnings and positive outlook
2024-12-12,Concerns over economic slowdown
2024-12-19,Strong earnings and positive outlook
2024-12-26,Concerns over economic slowdown
